Berufsjahre,Einladungswahrscheinlichkeit
6,0.2865517995756399
19,0.8852769372788105
28,0.9502321217825109
14,0.6666879934490997
10,0.5120981135783017
7,0.25867968154131465
28,0.8871571147974824
20,0.8526827015158337
6,0.25938396285566634
25,0.9682864934521971
18,0.7866171813578638
22,0.8462121184393131
10,0.5732824384460777
10,0.48871118497567323
23,0.9342379898910494
20,0.8095596686672095
3,0.1705969752151591
7,0.35988982325969787
23,0.8733119007855381
2,0.18676651578335912
