Polizeistreifen,Straftaten
5,5.915402117702074
4,4.3287511096596845
4,3.470239796232961
5,5.513267433113356
5,5.0970775493480405
3,3.9686449905328893
5,4.297946906122648
4,3.6723378534022317
6,5.607891846867842
7,5.536485051867881
2,2.296120277064576
5,5.261055272179889
5,5.005113456642461
6,5.765412866624852
4,2.5846292579495858
6,5.579354677234641
6,5.65728548347323
1,0.1977227307783811
7,6.838714288333991
2,2.4040508568145382
