Beiträge pro Tag,Zufriedenheit (0–10)
5,6.415402117702074
4,6.3287511096596845
4,5.470239796232962
5,6.013267433113356
5,5.5970775493480405
3,7.468644990532889
5,4.797946906122648
4,5.672337853402232
6,4.607891846867842
7,3.0364850518678814
2,7.296120277064576
5,5.761055272179889
5,5.505113456642461
6,4.765412866624852
4,4.584629257949586
6,4.579354677234641
6,4.65728548347323
1,6.697722730778381
7,4.338714288333991
2,7.404050856814538
